n	OrgDefinedId	Username	Last Name	First Name	Email	Exam	Grade
1	#00020438436	#ssteven.bohorquez	Bohorquez Luna	Sander	ssteven.bohorquez@javeriana.edu.co	0182CD	dbs/students/sanderstevenbohorquezluna_graded.jpg
2	#00020524115	#sefonseca	Fonseca Doncel	Sebastian	sefonseca@javeriana.edu.co	07E42F	dbs/students/sebastianfonsecadoncel_graded.jpg
3	#00020516779	#adrian_gomez	Gomez Rojas	Adrian	adrian_gomez@javeriana.edu.co	264639	dbs/students/adrianoswaldogomezrojas_graded.jpg
4	#00020557915	#santiago.hernandezm	Hernandez Morales	Santiago	santiago.hernandezm@javeriana.edu.co	33CE8F	dbs/students/santiagohernandezmorales_graded.jpg
5	#00020557176	#sa_ibanez	Iba単ez Ni単o	Santiago	sa_ibanez@javeriana.edu.co	452591	dbs/students/santiagoibaneznino_graded.jpg
6	#00020556950	#mejia-sc	Mejia Cuitiva	Sophie	mejia-sc@javeriana.edu.co	464ECE	dbs/students/sophiemejiacuitiva_graded.jpg
7	#00020552643	#diegoa_melgarejo	Melgarejo Bejarano	Diego	diegoa_melgarejo@javeriana.edu.co	7C5E88	dbs/students/diegoalejandromelgarejobejarano_graded.jpg
9	#00020537459	#novoas_juliana	Novoa Solano	Juliana	novoas_juliana@javeriana.edu.co	7DE00F	dbs/students/julianasofianovoasolano_graded.jpg
10	#00020495879	#davido.orjuela	Orjuela Hernandez	David	davido.orjuela@javeriana.edu.co	81AB1A	dbs/students/davidoctavioorjuelahernandez_graded.jpg
11	#00020515058	#eisabela.pardo	Pardo Montenegro	Eliana	eisabela.pardo@javeriana.edu.co	88EBD2	dbs/students/elianaisabelapardomontenegro_graded.jpg
12	#00020491459	#ys_pena	Pe単a Rodriguez	Yosefh	ys_pena@javeriana.edu.co	A6E901	dbs/students/yosefhstevenpenarodriguez_graded.jpg
13	#00020545240	#nicolas.perdigonz	Perdigon Zambrano	Nicolas	nicolas.perdigonz@javeriana.edu.co	A6F022	dbs/students/nicolasdavidperdigon_graded.jpg
14	#00020520706	#andresf-pinzonm	Pinzon Marquez	Andres	andresf-pinzonm@javeriana.edu.co	B564FA	dbs/students/andresfelipepinzonmarques_graded.jpg
15	#00020524461	#edwing.quinoness	Qui単ones Suarez	Edwin	edwing.quinoness@javeriana.edu.co	BE0B55	dbs/students/edwingerardoquinonezsuarez_graded.jpg
17	#00020417930	#rubiojohn	Rubio Paez	John	rubiojohn@javeriana.edu.co	D1633B	dbs/students/johnsebastianrubiopaez_graded.jpg
18	#00020491505	#js.urbano	Urbano Marta	Juan	js.urbano@javeriana.edu.co	DD1B62	dbs/students/juansebastianurbanomarta_graded.jpg
19	#00020474457	#julioc_usechel	Useche Llanos	Julio	julioc_usechel@javeriana.edu.co	E72E08	dbs/students/juliocesarusechellanos_graded.jpg
